{
  "cup": {
    "x": 0.6755208333333333,
    "y": 0.8537037037037037,
    "w": 0.05677083333333333,
    "h": 0.05277777777777778
  },
  "line": {
    "x1": 0.39739583333333334,
    "y1": 0.8638888888888889,
    "x2": 0.39739583333333334,
    "y2": 0.9138888888888889
  },
  "ignore_pile": {
    "x": 0.30833333333333335,
    "y": 0.9333333333333333,
    "w": 0.034375,
    "h": 0.037037037037037035
  },
  "active_ball": {
    "x": 0.3640625,
    "y": 0.862037037037037,
    "w": 0.04114583333333333,
    "h": 0.05185185185185185
  },
  "green_edge": {
    "x1": 0.11458333333333333,
    "y1": 0.762962962962963,
    "x2": 0.9895833333333334,
    "y2": 0.7351851851851852
  },
  "detector": {
    "v_min": 90,
    "s_max": 120,
    "min_area": 40,
    "min_circularity": 0.52,
    "max_area_frac": 0.002857142857142857
  },
  "logic": {
    "min_tee_frames_for_stroke": 22,
    "min_tee_frames_first_stroke": 10,
    "frames_on_tee_to_arm_next_make": 10,
    "min_address_frames_for_made": 10,
    "made_axis_rx_frac": 0.42,
    "made_axis_ry_frac": 0.28,
    "cup_inner_margin_frac": 0.17,
    "made_max_speed_ppf": 8.5,
    "made_dwell_frames": 5,
    "made_confirm_frames": 8,
    "made_confirm_max_none_frames": 5,
    "post_attempt_cup_stall_frames": 52,
    "post_attempt_stall_max_speed_ppf": 4.8
  }
}
