{
  "cup": {
    "x": 0.6786458333333333,
    "y": 0.9018518518518519,
    "w": 0.034895833333333334,
    "h": 0.022222222222222223
  },
  "line": {
    "x1": 0.4557291666666667,
    "y1": 0.8592592592592593,
    "x2": 0.45625,
    "y2": 0.899074074074074
  }
}