{
  "cup": {
    "x": 0.6755208333333333,
    "y": 0.8537037037037037,
    "w": 0.05677083333333333,
    "h": 0.05277777777777778
  },
  "line": {
    "x1": 0.39739583333333334,
    "y1": 0.8638888888888889,
    "x2": 0.39739583333333334,
    "y2": 0.9138888888888889
  },
  "ignore_pile": {
    "x": 0.30833333333333335,
    "y": 0.9333333333333333,
    "w": 0.034375,
    "h": 0.037037037037037035
  },
  "active_ball": {
    "x": 0.3640625,
    "y": 0.862037037037037,
    "w": 0.04114583333333333,
    "h": 0.05185185185185185
  },
  "green_edge": {
    "x1": 0.11458333333333333,
    "y1": 0.762962962962963,
    "x2": 0.9895833333333334,
    "y2": 0.7351851851851852
  }
}