{
  "cup": {
    "x": 0.6807291666666667,
    "y": 0.9027777777777778,
    "w": 0.0265625,
    "h": 0.018518518518518517
  },
  "line": {
    "x1": 0.4546875,
    "y1": 0.8685185185185185,
    "x2": 0.4546875,
    "y2": 0.887962962962963
  }
}